{
  "sps": 290.7891855012445,
  "evaluate_seconds": 35.71386826598609,
  "train_seconds": 20.629245831994922,
  "elapsed_seconds": 56.343223259002116,
  "global_step": 16384
}