{
  "sps": 284.23225957542,
  "evaluate_seconds": 36.59063903704373,
  "train_seconds": 21.052260844990087,
  "elapsed_seconds": 57.642999511997914
}