{
  "created_at": "2026-03-21T00:16:18.168483+00:00",
  "config": {
    "config_id": "sps_decomposition_v0",
    "env_count": 64,
    "rounds": 256,
    "warmup_rounds": 16,
    "start_wave": 1,
    "tick_cap": 20000,
    "ammo": 1000,
    "prayer_potions": 8,
    "sharks": 20,
    "seed_base": 70000,
    "action_id": 0
  },
  "env_count": 64,
  "rounds": 512,
  "warmup_rounds": 16,
  "mode_1_core_sim": {
    "label": "mode_1_core_sim",
    "description": "JVM tick only (12 headless stages)",
    "total_nanos": 22456959,
    "env_steps": 32768,
    "sps": 1459146.8061192078,
    "mean_step_nanos": 685.3320007324219,
    "latency": {
      "mean_ns": 685.328125,
      "p50_ns": 685.328125,
      "p95_ns": 685.328125,
      "p99_ns": 685.328125,
      "min_ns": 685.328125,
      "max_ns": 685.328125,
      "std_ns": 0.0
    }
  },
  "mode_2_sim_reward": {
    "label": "mode_2_sim_reward",
    "description": "JVM tick + reward/terminal projection",
    "total_nanos": 64029075,
    "env_steps": 32768,
    "sps": 511767.50562146964,
    "mean_step_nanos": 1954.0122985839844,
    "latency": {
      "mean_ns": 1954.0,
      "p50_ns": 1954.0,
      "p95_ns": 1954.0,
      "p99_ns": 1954.0,
      "min_ns": 1954.0,
      "max_ns": 1954.0,
      "std_ns": 0.0
    }
  },
  "mode_3_sim_obs": {
    "label": "mode_3_sim_obs",
    "description": "JVM tick + flat observation build",
    "total_nanos": 147927791,
    "env_steps": 32768,
    "sps": 221513.48153370316,
    "mean_step_nanos": 4514.397918701172,
    "latency": {
      "mean_ns": 4514.390625,
      "p50_ns": 4514.390625,
      "p95_ns": 4514.390625,
      "p99_ns": 4514.390625,
      "min_ns": 4514.390625,
      "max_ns": 4514.390625,
      "std_ns": 0.0
    }
  },
  "mode_4_full_env_step": {
    "label": "mode_4_full_env_step",
    "description": "Full env step (JVM + Python + JPype crossing)",
    "total_nanos": 370878571,
    "env_steps": 32768,
    "sps": 88352.36803153019,
    "mean_step_nanos": 11318.31576538086,
    "latency": {
      "mean_ns": 11318.31576538086,
      "p50_ns": 7774.9453125,
      "p95_ns": 14488.496875,
      "p99_ns": 16008.961406249999,
      "min_ns": 7275.78125,
      "max_ns": 1282850.0,
      "std_ns": 56297.48229370164
    }
  },
  "jvm_kernel_totals": {
    "tick_nanos": 22456959,
    "observe_flat_nanos": 125470832,
    "projection_nanos": 41572116,
    "apply_actions_nanos": 5190293,
    "kernel_total_nanos": 194690201,
    "tick_pct": 11.53471457970296,
    "observe_flat_pct": 64.44640323731548,
    "projection_pct": 21.35295756359099,
    "apply_actions_pct": 2.6659241057540437
  },
  "python_overhead": {
    "action_pack_nanos": 5407155,
    "jpype_call_nanos": 307554723,
    "buffer_apply_nanos": 43308765,
    "done_reset_nanos": 0,
    "total_send_nanos": 369841230,
    "recv_nanos": 240253
  },
  "jvm_pct_of_total": 52.49432461817806,
  "python_pct_of_total": 47.50567538182194,
  "memory_profile": {
    "process_peak_rss_kib": 1180452,
    "children_peak_rss_kib": 0,
    "combined_peak_rss_kib": 1180452
  }
}
