{
  "created_at": "2026-03-21T00:15:57.486751+00:00",
  "config": {
    "config_id": "sps_decomposition_v0",
    "env_count": 64,
    "rounds": 256,
    "warmup_rounds": 16,
    "start_wave": 1,
    "tick_cap": 20000,
    "ammo": 1000,
    "prayer_potions": 8,
    "sharks": 20,
    "seed_base": 70000,
    "action_id": 0
  },
  "env_count": 64,
  "rounds": 256,
  "warmup_rounds": 16,
  "mode_1_core_sim": {
    "label": "mode_1_core_sim",
    "description": "JVM tick only (12 headless stages)",
    "total_nanos": 17011400,
    "env_steps": 16384,
    "sps": 963118.8497125458,
    "mean_step_nanos": 1038.29345703125,
    "latency": {
      "mean_ns": 1038.28125,
      "p50_ns": 1038.28125,
      "p95_ns": 1038.28125,
      "p99_ns": 1038.28125,
      "min_ns": 1038.28125,
      "max_ns": 1038.28125,
      "std_ns": 0.0
    }
  },
  "mode_2_sim_reward": {
    "label": "mode_2_sim_reward",
    "description": "JVM tick + reward/terminal projection",
    "total_nanos": 39185012,
    "env_steps": 16384,
    "sps": 418119.0502123618,
    "mean_step_nanos": 2391.663330078125,
    "latency": {
      "mean_ns": 2391.640625,
      "p50_ns": 2391.640625,
      "p95_ns": 2391.640625,
      "p99_ns": 2391.640625,
      "min_ns": 2391.640625,
      "max_ns": 2391.640625,
      "std_ns": 0.0
    }
  },
  "mode_3_sim_obs": {
    "label": "mode_3_sim_obs",
    "description": "JVM tick + flat observation build",
    "total_nanos": 81375864,
    "env_steps": 16384,
    "sps": 201337.34002504722,
    "mean_step_nanos": 4966.78857421875,
    "latency": {
      "mean_ns": 4966.765625,
      "p50_ns": 4966.765625,
      "p95_ns": 4966.765625,
      "p99_ns": 4966.765625,
      "min_ns": 4966.765625,
      "max_ns": 4966.765625,
      "std_ns": 0.0
    }
  },
  "mode_4_full_env_step": {
    "label": "mode_4_full_env_step",
    "description": "Full env step (JVM + Python + JPype crossing)",
    "total_nanos": 159718451,
    "env_steps": 16384,
    "sps": 102580.50899829976,
    "mean_step_nanos": 9748.440612792969,
    "latency": {
      "mean_ns": 9748.440612792969,
      "p50_ns": 9012.9140625,
      "p95_ns": 13609.90234375,
      "p99_ns": 14885.205468749995,
      "min_ns": 7558.46875,
      "max_ns": 21323.453125,
      "std_ns": 2156.2616806560513
    }
  },
  "jvm_kernel_totals": {
    "tick_nanos": 17011400,
    "observe_flat_nanos": 64364464,
    "projection_nanos": 22173612,
    "apply_actions_nanos": 3435933,
    "kernel_total_nanos": 106985410,
    "tick_pct": 15.900672811367457,
    "observe_flat_pct": 60.1619080583044,
    "projection_pct": 20.725827942333446,
    "apply_actions_pct": 3.2115902532878082
  },
  "python_overhead": {
    "action_pack_nanos": 2869169,
    "jpype_call_nanos": 139554445,
    "buffer_apply_nanos": 9320294,
    "done_reset_nanos": 0,
    "total_send_nanos": 159157605,
    "recv_nanos": 122650
  },
  "jvm_pct_of_total": 66.98375130121941,
  "python_pct_of_total": 33.016248698780586,
  "memory_profile": {
    "process_peak_rss_kib": 1040160,
    "children_peak_rss_kib": 0,
    "combined_peak_rss_kib": 1040160
  }
}
