{
  "created_at": "2026-03-21T00:16:15.517454+00:00",
  "config": {
    "config_id": "sps_decomposition_v0",
    "env_count": 64,
    "rounds": 256,
    "warmup_rounds": 16,
    "start_wave": 1,
    "tick_cap": 20000,
    "ammo": 1000,
    "prayer_potions": 8,
    "sharks": 20,
    "seed_base": 70000,
    "action_id": 0
  },
  "env_count": 16,
  "rounds": 512,
  "warmup_rounds": 16,
  "mode_1_core_sim": {
    "label": "mode_1_core_sim",
    "description": "JVM tick only (12 headless stages)",
    "total_nanos": 16716545,
    "env_steps": 8192,
    "sps": 490053.41713852953,
    "mean_step_nanos": 2040.5938720703125,
    "latency": {
      "mean_ns": 2040.5625,
      "p50_ns": 2040.5625,
      "p95_ns": 2040.5625,
      "p99_ns": 2040.5625,
      "min_ns": 2040.5625,
      "max_ns": 2040.5625,
      "std_ns": 0.0
    }
  },
  "mode_2_sim_reward": {
    "label": "mode_2_sim_reward",
    "description": "JVM tick + reward/terminal projection",
    "total_nanos": 28084383,
    "env_steps": 8192,
    "sps": 291692.36155197,
    "mean_step_nanos": 3428.2694091796875,
    "latency": {
      "mean_ns": 3428.1875,
      "p50_ns": 3428.1875,
      "p95_ns": 3428.1875,
      "p99_ns": 3428.1875,
      "min_ns": 3428.1875,
      "max_ns": 3428.1875,
      "std_ns": 0.0
    }
  },
  "mode_3_sim_obs": {
    "label": "mode_3_sim_obs",
    "description": "JVM tick + flat observation build",
    "total_nanos": 51420126,
    "env_steps": 8192,
    "sps": 159315.05107552634,
    "mean_step_nanos": 6276.870849609375,
    "latency": {
      "mean_ns": 6276.8125,
      "p50_ns": 6276.8125,
      "p95_ns": 6276.8125,
      "p99_ns": 6276.8125,
      "min_ns": 6276.8125,
      "max_ns": 6276.8125,
      "std_ns": 0.0
    }
  },
  "mode_4_full_env_step": {
    "label": "mode_4_full_env_step",
    "description": "Full env step (JVM + Python + JPype crossing)",
    "total_nanos": 147318347,
    "env_steps": 8192,
    "sps": 55607.466190209154,
    "mean_step_nanos": 17983.196655273438,
    "latency": {
      "mean_ns": 17983.196655273438,
      "p50_ns": 12830.59375,
      "p95_ns": 21566.318749999995,
      "p99_ns": 36559.29374999995,
      "min_ns": 10173.4375,
      "max_ns": 1898159.125,
      "std_ns": 83329.19150048406
    }
  },
  "jvm_kernel_totals": {
    "tick_nanos": 16716545,
    "observe_flat_nanos": 34703581,
    "projection_nanos": 11367838,
    "apply_actions_nanos": 3054705,
    "kernel_total_nanos": 65842671,
    "tick_pct": 25.38861918283965,
    "observe_flat_pct": 52.70682442393626,
    "projection_pct": 17.265153170958087,
    "apply_actions_pct": 4.639400184722154
  },
  "python_overhead": {
    "action_pack_nanos": 5077747,
    "jpype_call_nanos": 114832693,
    "buffer_apply_nanos": 14733899,
    "done_reset_nanos": 0,
    "total_send_nanos": 146456949,
    "recv_nanos": 172250
  },
  "jvm_pct_of_total": 44.6941418640816,
  "python_pct_of_total": 55.3058581359184,
  "memory_profile": {
    "process_peak_rss_kib": 924468,
    "children_peak_rss_kib": 0,
    "combined_peak_rss_kib": 924468
  }
}
