{
  "runs": [
    {
      "sps": 641.4942173313217,
      "evaluate_seconds": 11.336071411999,
      "train_seconds": 14.39852922801947,
      "elapsed_nanos": 25939438813
    },
    {
      "sps": 607.9251988212687,
      "evaluate_seconds": 11.978295724020427,
      "train_seconds": 15.208915153994894,
      "elapsed_nanos": 27371788555
    },
    {
      "sps": 604.6248187029661,
      "evaluate_seconds": 12.015405395992275,
      "train_seconds": 15.318121772004815,
      "elapsed_nanos": 27521199072
    }
  ],
  "baseline_sps": 493.3,
  "baseline_train_s": 20.35,
  "baseline_eval_s": 12.69
}