{
  "sps": 208.18655846880984,
  "evaluate_seconds": 18.489934075005294,
  "train_seconds": 60.20769124398794,
  "global_step": 16384
}