{
  "runs": [
    {
      "sps": 622.8677738588418,
      "evaluate_seconds": 11.96507077498245,
      "train_seconds": 14.54545366500679,
      "elapsed_nanos": 26715140353
    },
    {
      "sps": 595.71251187573,
      "evaluate_seconds": 12.359963430986681,
      "train_seconds": 15.364525435012183,
      "elapsed_nanos": 27932936892
    },
    {
      "sps": 587.6886965325444,
      "evaluate_seconds": 12.417501635994995,
      "train_seconds": 15.695919314999628,
      "elapsed_nanos": 28314310106
    }
  ],
  "baseline_sps": 607.9,
  "baseline_train_s": 15.21,
  "baseline_eval_s": 11.98
}