{
  "sps": 399.4043222603503,
  "evaluate_seconds": 13.616200380005466,
  "train_seconds": 27.40336649400706
}