{
  "created_at": "2026-03-21T21:43:43.269245+00:00",
  "config": {
    "config_id": "sps_decomposition_v0",
    "env_count": 64,
    "rounds": 256,
    "warmup_rounds": 16,
    "start_wave": 1,
    "tick_cap": 20000,
    "ammo": 1000,
    "prayer_potions": 8,
    "sharks": 20,
    "seed_base": 70000,
    "action_id": 0
  },
  "env_count": 4,
  "rounds": 32,
  "warmup_rounds": 16,
  "mode_1_core_sim": {
    "label": "mode_1_core_sim",
    "description": "JVM tick only (12 headless stages)",
    "total_nanos": 3494425,
    "env_steps": 128,
    "sps": 36629.77456949284,
    "mean_step_nanos": 27300.1953125,
    "latency": {
      "mean_ns": 27300.0,
      "p50_ns": 27300.0,
      "p95_ns": 27300.0,
      "p99_ns": 27300.0,
      "min_ns": 27300.0,
      "max_ns": 27300.0,
      "std_ns": 0.0
    }
  },
  "mode_2_sim_reward": {
    "label": "mode_2_sim_reward",
    "description": "JVM tick + reward/terminal projection",
    "total_nanos": 4259576,
    "env_steps": 128,
    "sps": 30049.93924277909,
    "mean_step_nanos": 33277.9375,
    "latency": {
      "mean_ns": 33277.5,
      "p50_ns": 33277.5,
      "p95_ns": 33277.5,
      "p99_ns": 33277.5,
      "min_ns": 33277.5,
      "max_ns": 33277.5,
      "std_ns": 0.0
    }
  },
  "mode_3_sim_obs": {
    "label": "mode_3_sim_obs",
    "description": "JVM tick + flat observation build",
    "total_nanos": 5166172,
    "env_steps": 128,
    "sps": 24776.565704742312,
    "mean_step_nanos": 40360.71875,
    "latency": {
      "mean_ns": 40360.5,
      "p50_ns": 40360.5,
      "p95_ns": 40360.5,
      "p99_ns": 40360.5,
      "min_ns": 40360.5,
      "max_ns": 40360.5,
      "std_ns": 0.0
    }
  },
  "mode_4_full_env_step": {
    "label": "mode_4_full_env_step",
    "description": "Full env step (JVM + Python + JPype crossing)",
    "total_nanos": 10569788,
    "env_steps": 128,
    "sps": 12109.987447241137,
    "mean_step_nanos": 82576.46875,
    "latency": {
      "mean_ns": 82576.46875,
      "p50_ns": 82898.25,
      "p95_ns": 106211.65,
      "p99_ns": 138496.98750000005,
      "min_ns": 60172.5,
      "max_ns": 150699.75,
      "std_ns": 17838.452928158236
    }
  },
  "jvm_kernel_totals": {
    "tick_nanos": 3494425,
    "observe_flat_nanos": 1671747,
    "projection_nanos": 765151,
    "apply_actions_nanos": 434163,
    "kernel_total_nanos": 6365487,
    "tick_pct": 54.896428191590054,
    "observe_flat_pct": 26.26267243967351,
    "projection_pct": 12.02030575194011,
    "apply_actions_pct": 6.8205779070792225
  },
  "python_overhead": {
    "action_pack_nanos": 348565,
    "jpype_call_nanos": 7786726,
    "buffer_apply_nanos": 1037486,
    "done_reset_nanos": 0,
    "total_send_nanos": 10509665,
    "recv_nanos": 12794
  },
  "jvm_pct_of_total": 60.223412238731754,
  "python_pct_of_total": 39.776587761268246,
  "memory_profile": {
    "process_peak_rss_kib": 830716,
    "children_peak_rss_kib": 0,
    "combined_peak_rss_kib": 830716
  }
}
